tool_life_mae,tool_life_rmse,tool_life_r2,cutting_force_mae,cutting_force_rmse,cutting_force_r2,surface_roughness_mae,surface_roughness_rmse,surface_roughness_r2,power_consumption_mae,power_consumption_rmse,power_consumption_r2,material_removal_rate_mae,material_removal_rate_rmse,material_removal_rate_r2,overall_mae,overall_rmse
15.800603312683107,20.391374890697453,0.9121041385999878,56.191416792297375,78.85215340936655,0.9890448547604108,0.2632162313099702,0.3465922841270535,-20137.45363208125,0.8779780386058489,1.2869178768147673,0.7758738073793829,24.26288713739713,39.71576580477526,0.679154362532763,19.479220302458685,40.52798688442368
